FrameCounter,Acc,Gyr,Euler
1,1.0175396798159764,0.0,220.02767596102612
2,1.0174821865762562,0.0,220.02767596102612
3,1.0185371863609105,0.0572958,220.02767596102612
4,1.0174821865762562,0.0,220.02767596102612
5,1.0184232911712106,0.0,220.02767596102612
6,1.0184232911712106,0.08102849742701637,220.02773631234012
7,1.0174821865762562,0.0572958,220.02773631234012
8,1.0174821865762562,0.0,220.02773631234012
9,1.0184085624149082,0.0,220.02767596102612
10,1.0183678117458348,0.0,220.03228790255181
11,1.0174256729609292,0.0,220.03228790255181
12,1.0174256729609292,0.08102849742701637,220.03568709886747
13,1.0183678117458348,0.1145916,220.03568709886747
14,1.0174256729609292,0.08102849742701637,220.03568709886747
15,1.0173701391332457,0.0,220.0401787734954
16,1.0184232911712106,0.1145916,220.0401787734954
17,1.0184232911712106,0.0572958,220.0401787734954
18,1.0174256729609292,0.0,220.0401787734954
19,1.0174256729609292,0.0,220.0401787734954
20,1.0183678117458348,0.0572958,220.04479075134978
21,1.0174821865762562,0.0,220.04479075134978
22,1.0184232911712106,0.0,220.04479075134978
23,1.0183678117458348,0.0,220.04479075134978
24,1.0174664613637148,0.0,220.04479075134978
25,1.0184232911712106,0.0,220.04485079959343
26,1.0184232911712106,0.0572958,220.04485079959343
27,1.0174821865762562,0.0,220.04485079959343
28,1.0194616226224504,0.0,220.04485079959343
29,1.0183678117458348,0.0,220.04485079959343
30,1.0173701391332457,0.0,220.04946282871265
31,1.0184797494304931,0.0572958,220.04946282871265
32,1.0174664613637148,0.0,220.04946282871265
33,1.0184232911712106,0.0572958,220.0460638451998
34,1.0183678117458348,0.0572958,220.0460638451998
35,1.0174256729609292,0.0572958,220.0507361939009
36,1.0194209140487553,0.0572958,220.0507361939009
37,1.0184640396204472,0.0572958,220.0507361939009
38,1.0174821865762562,0.0,220.0507361939009
39,1.0174821865762562,0.0,220.0507361939009
40,1.0183678117458348,0.0,220.05534839803323
41,1.0184232911712106,0.0,220.05534839803323
42,1.0183678117458348,0.0,220.05534839803323
43,1.0174256729609292,0.0572958,220.05534839803323
44,1.0184232911712106,0.1145916,220.05534839803323
45,1.0194209140487553,0.0,220.05990046137836
46,1.0183280414483342,0.0572958,220.05990046137836
47,1.0174256729609292,0.0,220.05990046137836
48,1.0184232911712106,0.0,220.05990046137836
49,1.0183835230403133,0.0,220.05990046137836
50,1.0173701391332457,0.0572958,220.0599606546769
