FrameCounter,Acc,Gyr,Euler
301,1.0173701391332457,0.0,220.05504891688025
302,1.0184797494304931,0.0,220.05504891688025
303,1.0184232911712106,0.0,220.05504891688025
304,1.0174256729609292,0.0572958,220.05504891688025
305,1.0184232911712106,0.0572958,220.05037725648924
306,1.0184232911712106,0.08102849742701637,220.05037725648924
307,1.0184232911712106,0.0572958,220.05037725648924
308,1.0174256729609292,0.0,220.05037725648924
309,1.0173701391332457,0.0572958,220.05031795567598
310,1.0174256729609292,0.0572958,220.05371687347917
311,1.0174256729609292,0.0572958,220.05031795567598
312,1.0184640396204472,0.0,220.05031795567598
313,1.0183835230403133,0.0572958,220.05031795567598
314,1.0184797494304931,0.0572958,220.05371687347917
315,1.0185204956209768,0.0572958,220.0491640854758
316,1.0184232911712106,0.0,220.0491640854758
317,1.0184797494304931,0.0,220.0491640854758
318,1.0184797494304931,0.0572958,220.0491047843356
319,1.0184797494304931,0.0572958,220.0491047843356
320,1.0174821865762562,0.0572958,220.04922353578522
321,1.0183835230403133,0.0572958,220.04922353578522
322,1.0174821865762562,0.0,220.04582454857606
323,1.0174256729609292,0.0,220.04582454857606
324,1.0183678117458348,0.0,220.04582454857606
325,1.0184232911712106,0.0,220.0458841489752
326,1.0184232911712106,0.0572958,220.0458841489752
327,1.0184232911712106,0.0,220.0458841489752
328,1.0183835230403133,0.0,220.0458841489752
329,1.0184797494304931,0.0,220.0458841489752
330,1.0183678117458348,0.0572958,220.05049630562084
331,1.0163326227175826,0.0572958,220.05049630562084
332,1.0173858658345907,0.0,220.05049630562084
333,1.0184232911712106,0.0,220.05049630562084
334,1.0183835230403133,0.0572958,220.05055605393892
335,1.0184232911712106,0.0,220.05049630562084
336,1.0184640396204472,0.09923923666030487,220.05055605393892
337,1.0183678117458348,0.0,220.05055605393892
338,1.0183835230403133,0.0,220.05055605393892
339,1.0184232911712106,0.0,220.05055605393892
340,1.0183835230403133,0.0,220.05049630562084
341,1.0184399835041829,0.1145916,220.05049630562084
342,1.0184232911712106,0.0572958,220.05049630562084
343,1.0173858658345907,0.0572958,220.05049630562084
344,1.0184797494304931,0.0,220.05049630562084
345,1.0184232911712106,0.0572958,220.04582454857606
346,1.0174256729609292,0.0,220.04922353578522
347,1.0185371863609105,0.0,220.04922353578522
348,1.0184640396204472,0.0572958,220.04582454857606
349,1.0183835230403133,0.0,220.04582454857606
350,1.0184797494304931,0.0,220.0412720448474
