FrameCounter,Acc,Gyr,Euler
751,1.0184232911712106,0.0,220.03660039034315
752,1.0183678117458348,0.0572958,220.03660039034315
753,1.0184232911712106,0.0,220.03660039034315
754,1.019381184837154,0.0572958,220.03665999324082
755,1.0194773170600706,0.0,220.0319289350455
756,1.0184797494304931,0.0,220.0319289350455
757,1.0183678117458348,0.1145916,220.03654093662317
758,1.0184232911712106,0.0,220.03654093662317
759,1.0183835230403133,0.0,220.03654093662317
760,1.0184232911712106,0.0572958,220.0319883900117
761,1.0183835230403133,0.0,220.0319883900117
762,1.0174256729609292,0.0,220.0319883900117
763,1.0184797494304931,0.0572958,220.0319883900117
764,1.0174256729609292,0.0572958,220.03660039034315
765,1.0174256729609292,0.0,220.02743604760428
766,1.0183835230403133,0.0,220.02743604760428
767,1.0183835230403133,0.0,220.02743604760428
768,1.0184640396204472,0.0572958,220.02743604760428
769,1.0174256729609292,0.0,220.03204799415863
770,1.0183835230403133,0.0572958,220.03314190269418
771,1.0174821865762562,0.0,220.03654093662317
772,1.0184797494304931,0.0572958,220.03654093662317
773,1.0184797494304931,0.0,220.03314190269418
774,1.0174256729609292,0.0,220.03654093662317
775,1.0194209140487553,0.0,220.03654093662317
776,1.0183835230403133,0.0,220.03654093662317
777,1.0184797494304931,0.0572958,220.03654093662317
778,1.0184232911712106,0.0,220.03654093662317
779,1.0173701391332457,0.0,220.03654093662317
780,1.0174256729609292,0.0,220.04576509734835
781,1.0194209140487553,0.0,220.04576509734835
782,1.0183678117458348,0.0,220.04576509734835
783,1.0183835230403133,0.0,220.04576509734835
784,1.0184232911712106,0.0,220.04576509734835
785,1.0183835230403133,0.0,220.05031795567598
786,1.0184232911712106,0.0,220.05031795567598
787,1.0184399835041829,0.0,220.05031795567598
788,1.0184399835041829,0.0572958,220.05037725648924
789,1.0183835230403133,0.0,220.05037725648924
790,1.0184232911712106,0.08102849742701637,220.05031795567598
791,1.0184797494304931,0.0,220.05031795567598
792,1.019381184837154,0.0,220.05031795567598
793,1.0184797494304931,0.0,220.04691913455866
794,1.0174256729609292,0.0,220.05031795567598
795,1.0185371863609105,0.0,220.0319289350455
796,1.0185371863609105,0.0572958,220.0319289350455
797,1.0173858658345907,0.0,220.0319289350455
798,1.0184232911712106,0.0,220.0319289350455
799,1.0184797494304931,0.0,220.0319289350455
800,1.0184232911712106,0.0,220.02264578120514
