FrameCounter,Acc,Gyr,Euler
451,1.0174821865762562,0.08102849742701637,220.0319883900117
452,1.0184399835041829,0.0572958,220.0319883900117
453,1.0194616226224504,0.0,220.0319883900117
454,1.0184797494304931,0.0,220.0319883900117
455,1.0184399835041829,0.0,220.03204799415863
456,1.0183835230403133,0.0,220.03204799415863
457,1.0184232911712106,0.1145916,220.0319883900117
458,1.0174256729609292,0.0,220.0319883900117
459,1.0174423816609959,0.08102849742701637,220.03204799415863
460,1.0183835230403133,0.0,220.0319883900117
461,1.0174423816609959,0.0,220.0319883900117
462,1.0184797494304931,0.0572958,220.0319883900117
463,1.0184797494304931,0.0,220.0319883900117
464,1.0183835230403133,0.0572958,220.0319883900117
465,1.0174256729609292,0.0,220.0319883900117
466,1.0184797494304931,0.0,220.0319883900117
467,1.0184797494304931,0.0,220.0319883900117
468,1.0184232911712106,0.0572958,220.0319883900117
469,1.0184399835041829,0.0,220.0319883900117
470,1.0184232911712106,0.0,220.0378730840022
471,1.0183678117458348,0.0,220.0378730840022
472,1.0184232911712106,0.0572958,220.0378730840022
473,1.0184232911712106,0.0572958,220.0378730840022
474,1.0184797494304931,0.08102849742701637,220.0378730840022
475,1.0183835230403133,0.0,220.04248525937243
476,1.0174256729609292,0.0572958,220.04248525937243
477,1.0183835230403133,0.0572958,220.04248525937243
478,1.0194209140487553,0.0,220.04248525937243
479,1.0184797494304931,0.0,220.0458841489752
480,1.0184232911712106,0.0,220.0319883900117
481,1.0174821865762562,0.0572958,220.0319883900117
482,1.0174821865762562,0.08102849742701637,220.0319883900117
483,1.0174256729609292,0.12811730362523246,220.0319883900117
484,1.0174256729609292,0.0,220.0319883900117
485,1.0184232911712106,0.0572958,220.0319883900117
486,1.0174256729609292,0.0572958,220.0319883900117
487,1.0194773170600706,0.0572958,220.0319883900117
488,1.0184797494304931,0.0,220.0319883900117
489,1.0184797494304931,0.0,220.0319883900117
490,1.0184974226771515,0.0572958,220.02731698599558
491,1.0194773170600706,0.0,220.02731698599558
492,1.0183835230403133,0.0,220.02731698599558
493,1.0174256729609292,0.0,220.02731698599558
494,1.0174821865762562,0.0,220.02731698599558
495,1.0184399835041829,0.0,220.02731698599558
496,1.0174256729609292,0.0,220.02731698599558
497,1.0174256729609292,0.0,220.02731698599558
498,1.0184232911712106,0.0,220.02725767896723
499,1.0174423816609959,0.0,220.02725767896723
500,1.0183280414483342,0.0572958,220.02719852112298
