FrameCounter,Acc,Gyr,Euler
901,1.0184399835041829,0.0572958,220.0075983458362
902,1.0184399835041829,0.0,220.0075983458362
903,1.0204185415798754,0.0,220.0075983458362
904,1.0174256729609292,0.0,220.0075983458362
905,1.0184232911712106,0.0,220.00304609561167
906,1.0174821865762562,0.0,220.00304609561167
907,1.0184797494304931,0.0,220.00304609561167
908,1.0174423816609959,0.0572958,220.00304609561167
909,1.0174256729609292,0.0,220.00304609561167
910,1.0184232911712106,0.0,220.0029867820405
911,1.0174256729609292,0.0,220.00304609561167
912,1.0184232911712106,0.08102849742701637,220.00304609561167
913,1.0174256729609292,0.0,220.00304609561167
914,1.0184232911712106,0.16205699485403274,220.0076576581641
915,1.0174821865762562,0.0572958,220.0076576581641
916,1.0184797494304931,0.0,220.0076576581641
917,1.0184399835041829,0.0,220.00425802877697
918,1.0183835230403133,0.08102849742701637,220.00425802877697
919,1.0194209140487553,0.0572958,220.0076576581641
920,1.0174821865762562,0.0572958,220.00425802877697
921,1.0174256729609292,0.0,220.00425802877697
922,1.0173701391332457,0.0572958,220.0076576581641
923,1.0184399835041829,0.0,220.0076576581641
924,1.0174423816609959,0.0,220.0076576581641
925,1.0173701391332457,0.0,220.01827206917724
926,1.0183835230403133,0.0,220.01827206917724
927,1.0184399835041829,0.0,220.01821231209212
928,1.0184399835041829,0.0,220.01821231209212
929,1.0184797494304931,0.0,220.01821231209212
930,1.0174423816609959,0.0572958,220.01821231209212
931,1.0173858658345907,0.1145916,220.0216117258668
932,1.0174821865762562,0.0572958,220.0216117258668
933,1.0184399835041829,0.0572958,220.0216117258668
934,1.0174821865762562,0.0572958,220.0216117258668
935,1.0173858658345907,0.0572958,220.0262234961026
936,1.0174256729609292,0.0572958,220.0262234961026
937,1.0174256729609292,0.0,220.0262234961026
938,1.0183835230403133,0.1145916,220.026283251012
939,1.0174256729609292,0.0572958,220.026283251012
940,1.0184232911712106,0.1145916,220.026283251012
941,1.0183835230403133,0.1145916,220.026283251012
942,1.0184797494304931,0.0572958,220.026283251012
943,1.0184797494304931,0.0,220.026283251012
944,1.0184232911712106,0.08102849742701637,220.026283251012
945,1.0174256729609292,0.0,220.0216714820287
946,1.0184797494304931,0.0572958,220.0216714820287
947,1.0184797494304931,0.0572958,220.0216714820287
948,1.0184399835041829,0.0572958,220.0216714820287
949,1.0184232911712106,0.0,220.0216714820287
950,1.0184232911712106,0.0572958,220.026283251012
