FrameCounter,Acc,Gyr,Euler
2301,1.0175229727136383,0.0,220.0216714820287
2302,1.0184797494304931,0.0,220.0216714820287
2303,1.0174256729609292,0.0572958,220.0216714820287
2304,1.0174256729609292,0.0,220.01705976558534
2305,1.0184797494304931,0.0572958,220.0216714820287
2306,1.0183835230403133,0.0,220.0216714820287
2307,1.0174256729609292,0.0,220.0216714820287
2308,1.0184232911712106,0.0,220.0216714820287
2309,1.0174821865762562,0.0,220.0216714820287
2310,1.0194773170600706,0.0572958,220.0216117258668
2311,1.0195346977911048,0.0,220.0216117258668
2312,1.0184232911712106,0.0572958,220.0216117258668
2313,1.0183835230403133,0.0572958,220.0216117258668
2314,1.0183280414483342,0.0,220.0216117258668
2315,1.0184232911712106,0.0,220.0262234961026
2316,1.0184640396204472,0.0572958,220.0262234961026
2317,1.0184232911712106,0.0572958,220.0262234961026
2318,1.0174256729609292,0.0,220.022824153581
2319,1.0184232911712106,0.0,220.0262234961026
2320,1.0184232911712106,0.0,220.026283251012
2321,1.0185204956209768,0.0,220.026283251012
2322,1.0183835230403133,0.0,220.026283251012
2323,1.0175229727136383,0.0,220.02288390941362
2324,1.0184232911712106,0.0,220.02288390941362
2325,1.0195180233816368,0.0,220.01372018900946
2326,1.0194616226224504,0.0,220.0183319754523
2327,1.0174821865762562,0.0,220.02173138737817
2328,1.0174256729609292,0.0,220.0183319754523
2329,1.0184797494304931,0.0,220.0183319754523
2330,1.0174256729609292,0.0,220.01827206917724
2331,1.0184232911712106,0.0572958,220.01821231209212
2332,1.0174821865762562,0.0,220.01821231209212
2333,1.0184640396204472,0.0,220.0216117258668
2334,1.0185204956209768,0.0,220.0216117258668
2335,1.0184232911712106,0.08102849742701637,220.0262234961026
2336,1.0174821865762562,0.0,220.0262234961026
2337,1.016428059431655,0.0,220.0262234961026
2338,1.0184640396204472,0.0,220.0262234961026
2339,1.0174256729609292,0.0,220.0262234961026
2340,1.0184640396204472,0.0,220.03083531887492
2341,1.0183678117458348,0.0,220.03083531887492
2342,1.0184797494304931,0.0572958,220.03083531887492
2343,1.0194773170600706,0.0,220.03083531887492
2344,1.0184232911712106,0.0,220.03083531887492
2345,1.0184232911712106,0.0,220.03089507253185
2346,1.0184640396204472,0.0,220.03089507253185
2347,1.0174664613637148,0.0,220.03089507253185
2348,1.0184232911712106,0.0,220.03089507253185
2349,1.0174256729609292,0.0572958,220.03089507253185
2350,1.0183678117458348,0.0572958,220.03544719418048
