FrameCounter,Acc,Gyr,Euler
701,1.0180834936290835,0.0,181.31258562499318
702,1.0181021559745367,0.0572958,181.31258562499318
703,1.0190946962868563,0.0572958,181.31824296429716
704,1.0190907712269794,0.1145916,181.31824296429716
705,1.0190946962868563,0.0572958,181.3069394256379
706,1.0180908603852605,0.1145916,181.3125967600574
707,1.0190834116989638,0.12811730362523246,181.3125967600574
708,1.0200906822434954,0.0572958,181.3125967600574
709,1.0190946962868563,0.0,181.3125967600574
710,1.019114321359483,0.0572958,181.3069394256379
711,1.0190946962868563,0.0,181.3069394256379
712,1.020083329929472,0.0,181.3069394256379
713,1.0201019556887438,0.0,181.31260807617886
714,1.0200906822434954,0.0,181.3125967600574
715,1.0190907712269794,0.0,181.3012820957559
716,1.0200946034559735,0.0,181.3012820957559
717,1.0191020557333794,0.0,181.3012820957559
718,1.0190834116989638,0.1145916,181.3012820957559
719,1.0190834116989638,0.08102849742701637,181.3012820957559
720,1.0190834116989638,0.0572958,181.3012820957559
721,1.0190637860310805,0.0572958,181.3012820957559
722,1.0190731082704518,0.0,181.3012820957559
723,1.0190637860310805,0.0,181.3012820957559
724,1.0190711457008288,0.0,181.3012820957559
725,1.0190711457008288,0.0572958,181.3069394256379
726,1.0190628047377648,0.0,181.3069394256379
727,1.0190711457008288,0.0,181.3012820957559
728,1.0200803889890246,0.0,181.3069394256379
729,1.0200710759550042,0.0572958,181.3012820957559
730,1.0190731082704518,0.0572958,181.3125967600574
731,1.0200803889890246,0.0,181.3125967600574
732,1.0190711457008288,0.0,181.3125967600574
733,1.0190834116989638,0.0,181.3125967600574
734,1.0190907712269794,0.0,181.3125967600574
735,1.0190907712269794,0.0,181.30696223964992
736,1.0180834936290835,0.0572958,181.30786927536616
737,1.0190907712269794,0.0572958,181.30786927536616
738,1.0200906822434954,0.0,181.30221197449907
739,1.0190834116989638,0.0,181.30221197449907
740,1.0190946962868563,0.0572958,181.2956360875927
741,1.019114321359483,0.0,181.28997876714013
742,1.0190946962868563,0.0572958,181.29653186285
743,1.0201019556887438,0.0572958,181.28996744960614
744,1.0190834116989638,0.1145916,181.28996744960614
745,1.0190834116989638,0.0,181.28999026575397
746,1.0200946034559735,0.0572958,181.28999026575397
747,1.0200906822434954,0.0,181.28999026575397
748,1.0190834116989638,0.0,181.28999026575397
749,1.0200803889890246,0.0,181.28999026575397
750,1.0190834116989638,0.0,181.2843214512264
