FrameCounter,Acc,Gyr,Euler
951,1.0188056733253894,0.20658294476872963,178.25155073117685
952,1.0167290691231368,0.0572958,178.25155073117685
953,1.016859872352135,0.0572958,178.25155073117685
954,1.0158198659211188,0.0572958,178.25155073117685
955,1.016990167110774,0.0,178.245998924816
956,1.0170349059889734,0.0572958,178.245998924816
957,1.0170349059889734,0.0,178.245998924816
958,1.015044826596343,0.0,178.245998924816
959,1.016039861422769,0.0572958,178.245998924816
960,1.0159950787282386,0.0,178.25155073117685
961,1.016039861422769,0.0572958,178.25155073117685
962,1.016039861422769,0.0,178.25155073117685
963,1.0180756356970733,0.0,178.25155073117685
964,1.0159069839311077,0.0,178.25155073117685
965,1.018029960266396,0.1145916,178.25155073117685
966,1.015951770508817,0.0572958,178.25155073117685
967,1.0181188535726071,0.08102849742701637,178.25155073117685
968,1.0159950787282386,0.0,178.25155073117685
969,1.0169469012686945,0.0572958,178.25155073117685
970,1.0178973425645632,0.08102849742701637,178.2402826580864
971,1.018029960266396,0.0,178.2402826580864
972,1.0159069839311077,0.0572958,178.2402826580864
973,1.0159069839311077,0.0572958,178.2402006063981
974,1.0149118188295967,0.0572958,178.2402006063981
975,1.0148679717086355,0.0,178.24036489391565
976,1.016990167110774,0.0572958,178.24036489391565
977,1.0170349059889734,0.0,178.24036489391565
978,1.0170349059889734,0.0572958,178.2402826580864
979,1.0169469012686945,0.0572958,178.2402826580864
980,1.016990167110774,0.0572958,178.23464863067846
981,1.0179852651192942,0.0,178.23464863067846
982,1.0159950787282386,0.0572958,178.23464863067846
983,1.0159950787282386,0.0572958,178.23464863067846
984,1.0169021585187044,0.0,178.23464863067846
985,1.0179420415721123,0.0572958,178.2347308691072
986,1.0179852651192942,0.0,178.2347308691072
987,1.016990167110774,0.1145916,178.2347308691072
988,1.0190250242265888,0.1145916,178.2347308691072
989,1.0180304514109584,0.0,178.2347308691072
990,1.0170349059889734,0.0,178.22917927557194
991,1.0170791512955124,0.0,178.22917927557194
992,1.0150891586456827,0.0572958,178.22917927557194
993,1.0159950787282386,0.0572958,178.22354526555458
994,1.0159950787282386,0.0572958,178.22354526555458
995,1.016990167110774,0.0572958,178.21791126163097
996,1.0159950787282386,0.0572958,178.2189502497076
997,1.0170791512955124,0.0,178.21791126163097
998,1.016990167110774,0.0,178.21791126163097
999,1.0169021585187044,0.0,178.2189502497076
1000,1.0179852651192942,0.0,178.2189502497076
